[
  {
    "movie": "Dragon",
    "description": "After a devastating breakup, troubled student Ragavan abandons his studies and enters the dangerous world of financial fraud, pursuing wealth and power while becoming entangled in escalating deception",
    "details": "Comedy | Drama | Romance | 21 Feb 2025 | U/A 2h 37m",
    "cast": [
      {
        "image": "https://encrypted-tbn0.gstatic.com/images?q=tbn:ANd9GcRfexd7XNDnOvfItpBWruPFUbU5M0AiVt4Twg&s",
        "name": "Pradeep Ranganathan",
        "nickname": "Ragavan 'Dragon'"
      },
      {
        "image": "https://i.pinimg.com/736x/e5/5f/b8/e55fb86bd4f9172df9776db84c82e8f1.jpg",
        "name": "Anupama Parameshwaran",
        "nickname": "Keerthi"
      },
      {
        "image": "https://m.media-amazon.com/images/M/MV5BZjZlYzMyMWMtMmIxYS00NDkyLTk4NDYtY2Y3ZTFiN2QyZjNmXkEyXkFqcGc@._V1_.jpg",
        "name": "Kayudu Lohar",
        "nickname": "Pallavi"
      },
      {
        "image": "https://encrypted-tbn0.gstatic.com/images?q=tbn:ANd9GcTvKg28pv6WIkUxDnUABpIr5UjwoiiNi442OA5oq157b1RDaR9mqTtPaM2OJ59xjeA3Cz4&usqp=CAU",
        "name": "Mysskin",
        "nickname": "Mayilvahanan"
      }
    ],
    "crew": [
      {
        "name": "Ashwath Marimuthu",
        "nickname": "Director",
        "image": "https://images.filmibeat.com/img/popcorn/profile_photos/ashwath-marimuthu-20241014122850-45798.jpg"
      },
      {
        "name": "Niketh Bommireddy",
        "nickname": "Cinematograhy",
        "image": "https://in.bmscdn.com/iedb/artist/images/website/poster/large/niketh-bommireddy-1085964-1654491817.jpg"
      },
      {
        "name": "Leon James",
        "nickname": "Music",
        "image": "https://encrypted-tbn0.gstatic.com/images?q=tbn:ANd9GcTu5UDQ_AYY3SqupMPvbAF22Fa15QB5K5_x-Q&s"
      },
      {
        "name": "Archana Kalpathi",
        "nickname": "Producer",
        "image": "https://pbs.twimg.com/profile_images/1196099595710820353/Xj-bX3Ef_400x400.jpg"
      }
    ]
  },
  {
    "movie": "Kudumbasthan",
    "description": "A lower-middle-class man faces mounting debts and family tensions after losing his job. With a pregnant wife and disapproving in-laws, he must overcome financial struggles and personal conflicts while trying to rebuild his life.",
    "image": "https://assetscdn1.paytm.com/images/cinema/Kudumbasthan-Poster-a4577dc0-d7e3-11ef-83bf-1dede4761f84.jpg",
    "details": "Comedy | Drama  21 Feb 2025 | U/A 2h 34m",
    "cast": [
      {
        "image": "https://pbs.twimg.com/profile_images/1729572536281948160/4CotLiWV_400x400.jpg",
        "name": "Manikandan K",
        "nickname": "Naveen"
      },
      {
        "image": "https://encrypted-tbn0.gstatic.com/images?q=tbn:ANd9GcS7f6rQLMkT_UmR3vtkaTsaAfKk3OYGUcOhmA&s",
        "name": "Guru Somasundaram",
        "nickname": "Rajendran"
      },
      {
        "image": "https://encrypted-tbn0.gstatic.com/images?q=tbn:ANd9GcSy04DydQOkkf9dubpWZJThjeBDoKfm7GgHOg&s",
        "name": "Balaji Sakthivel",
        "nickname": "Mohan Ram"
      },
      {
        "image": "https://encrypted-tbn0.gstatic.com/images?q=tbn:ANd9GcRAMAxe6gZDdfNA67wZx9OwfoWmi40u7VV7HQ&s",
        "name": "R. Sundarajan",
        "nickname": "Palanichamy"
      }
    ],
    "crew": [
      {
        "name": "Rajeshwar Kaliswamy",
        "nickname": "Director",
        "image": "https://encrypted-tbn0.gstatic.com/images?q=tbn:ANd9GcT-s3avZG7qoSHJpJkroE1KLzr3-hOxpDPugA&s"
      },
      {
        "name": "Prasanna Balachandran",
        "nickname": "Writer",
        "image": "https://encrypted-tbn0.gstatic.com/images?q=tbn:ANd9GcTde9XY2kgVNDoJnRkha0EGKhuyEttA3w96_g&s"
      }
    ]
  },
  {
    "movie": "Nilavukku Enmel Ennadi Kobam",
    "description":"A young man on the rebound from a broken relationship accepts his parents' choice of a bride, only for his first-love to reconnect with him.",
    "details": "Comedy | Drama | Romance | 21 Feb 2025 | U/A 2h 16m",
    "cast": [
        
      {
        "image": "https://images.filmibeat.com/ph-big/2024/04/anikha-surendran_17123293791.jpg",
        "name": "Anikha Surendran"
      },
      {
        "image": "https://encrypted-tbn0.gstatic.com/images?q=tbn:ANd9GcRfsaB2pXJ-Gs55dUwKI1qmumJTwJEAIIftsg&s",
        "name": "Pavish Narayan"
      },
      {
        "image": "https://www.behindwoods.com/tamil-actress/priyanka-mohan/priyanka-mohan-stills-photos-pictures-12.jpg",
        "name": "Priyanka Arulmohan"
      },
      {
        "image": "https://m.media-amazon.com/images/M/MV5BYzQzNTIyZTMtOGQ2ZC00ODhmLWEyZjEtZjAwNDIyMDI1OTY4XkEyXkFqcGc@._V1_FMjpg_UX1000_.jpg",
        "name": "Aadukalam Naren"
      }
    ],
    "crew": [
      {
        "name": "Dhanush",
        "nickname": "Director",
        "image": "https://www.behindwoods.com/tamil-actor/dhanush/dhanush-stills-photos-pictures-260.jpg"
      },
      {
        "name": "Leon Britto",
        "nickname": "Cinematograhy",
        "image": "https://encrypted-tbn0.gstatic.com/images?q=tbn:ANd9GcTl9Z1LUxyv4ee8awPLmhSdE6tXWIBJUULyrg&s"
      },
      {
        "name": "G.V. Prakash Kumar",
        "nickname": "Music",
        "image": "https://i.pinimg.com/736x/f0/a6/f7/f0a6f72b9e638a652aec92c6f39d6b83.jpg"
      },
      {
        "name": "Kasthuri Raja",
        "nickname": "Producer",
        "image": "https://encrypted-tbn0.gstatic.com/images?q=tbn:ANd9GcR70i5lC7btaavt_75-dPdHIr7od1-BHFe5hg&s"
      }
    ]
  },
  {
    "movie": "VidaaMuyarchi",
    "description":"A married couple's trip takes an unsettling turn when the wife goes missing, prompting the husband's frantic search while an unknown villain creates obstacles.",
    "details": "Action | Thriller | 21 Feb 2025 | U/A 2h 34m",
    "cast": [
      {
        "image": "https://live.staticflickr.com/65535/52604817270_7657af475f_z.jpg",
        "name": "Ajithkumar",
        "nickname": "Arjun"
      },
      {
        "image": "https://i.pinimg.com/736x/d6/76/1c/d6761c46e9d4f2d8dc3093812b4fdf37.jpg",
        "name": "Trisha Krishnan",
        "nickname": "Kayal"
      },
      {
        "image": "https://i.pinimg.com/736x/02/8a/85/028a8505762c7b8a5ecc9e9ca0c43847.jpg",
        "name": "Regina Cassandra",
        "nickname": "Deepika"
      },
      {
        "image": "https://upload.wikimedia.org/wikipedia/commons/a/aa/Arjun_Sarja_%281%29.jpg",
        "name": "Arjun Sarja",
        "nickname": "Rakshith"
      }
    ],
    "crew": [
      {
        "name": "Magizh Thirumeni",
        "nickname": "Director",
        "image": "https://encrypted-tbn0.gstatic.com/images?q=tbn:ANd9GcSUKj2XvUA0e2yjaGw6KhfF1_EvEwkfm3c-NQ&s"
      },
      {
        "name": "Om Praksah",
        "nickname": "Cinematograhy",
        "image": "https://th-i.thgim.com/public/migration_catalog/article16061578.ece/alternates/FREE_1200/23CP_Omprakash_kashmora_01"
      },
      {
        "name": "Anirudh Ravichander",
        "nickname": "Music",
        "image": "https://encrypted-tbn0.gstatic.com/images?q=tbn:ANd9GcSGUQ0bzK2_Xm72E2ifst1yHs_8HwVxc5HGQw&s"
      },
      {
        "name": "A. Subaskaran",
        "nickname": "Producer",
        "image": "https://in.bmscdn.com/iedb/artist/images/website/poster/large/a-subaskaran-1080445-1738570998.jpg"
      }
    ]
  },
  {
    "movie": "Captain America (Brave New World)",
    "description":"Sam Wilson, the new Captain America, finds himself in the middle of an international incident and must discover the motive behind a nefarious global plan.",
    "details": "Action | Adventure | Epic | 21 Feb 2025 | U/A 2h 37m",
    "cast": [
      {
        "image": "https://m.media-amazon.com/images/M/MV5BMTk3NTM1MjE2M15BMl5BanBnXkFtZTcwNzc5OTI2Mg@@._V1_FMjpg_UX1000_.jpg",
        "name": "Anthony Mackie",
        "nickname": "Sam Wilson"
      },
      {
        "image": "https://encrypted-tbn0.gstatic.com/images?q=tbn:ANd9GcTDoqT6-bAIStnIgIoPTtIkWT8Cn_J_8t8qvg&s",
        "name": "Danny Ramirez",
        "nickname": "Joaquin Torres"
      },
      {
        "image": "https://encrypted-tbn0.gstatic.com/images?q=tbn:ANd9GcTFWp_7U3Pi_CUsGi9r1xExe350yLpz_BZyFQ&s",
        "name": "Shira Haas",
        "nickname": "Ruth Bat-Seraph"
      },
      {
        "image": "https://encrypted-tbn0.gstatic.com/images?q=tbn:ANd9GcTL_zfPOn49cfUmRbbOw70KWEbsMCD64Pvjzg&s",
        "name": "Tim Blake Nelson",
        "nickname": "Samuel Sterns"
      }
    ],
    "crew": [
      {
        "name": "Julius Onah",
        "nickname": "Director",
        "image": "https://encrypted-tbn0.gstatic.com/images?q=tbn:ANd9GcTL_zfPOn49cfUmRbbOw70KWEbsMCD64Pvjzg&s"
      },
      {
        "name": "Rob Edwards",
        "nickname": "Writer",
        "image": "https://images.squarespace-cdn.com/content/v1/5c6d6c2ab7c92c6a67cff0c2/d727457a-56cd-4dee-8545-7da4e7b08b4f/RobEdwards_CV_37619+1.jpg"
      },
      {
        "name": "Malcolm Spellman",
        "nickname": "Writer",
        "image": "https://static.wikia.nocookie.net/marvelcinematicuniverse/images/a/aa/Malcolm_Spellman.jpg/revision/latest?cb=20210614190050"
      }
    ]
  },
  {
    "movie": "Idli Kadai",
    "details": "2025",
    "cast": [
      {
        "image": "https://www.behindwoods.com/tamil-actor/dhanush/dhanush-stills-photos-pictures-260.jpg",
        "name": "Dhanush"
      },
      {
        "image": "https://i.pinimg.com/736x/88/48/56/884856813a1140e345196be2e78cf66e.jpg",
        "name": "Nithya Menon"
      },
      {
        "image": "https://encrypted-tbn0.gstatic.com/images?q=tbn:ANd9GcQPUr75SLGzSjpgGwLzoYcUA4FuoB1QLChCTQ&s",
        "name": "Shalini Pandey"
      },
      {
        "image": "https://static.toiimg.com/thumb/imgsize-23456,msid-89822225,width-600,resizemode-4/89822225.jpg",
        "name": "Prakash Raj"
      }
    ],
    "crew": [
      {
        "name": "Dhanush",
        "nickname": "Director",
        "image": "https://www.behindwoods.com/tamil-actor/dhanush/dhanush-stills-photos-pictures-260.jpg"
      },
      {
        "name": "Dhanush",
        "nickname": "Writer",
        "image": "https://www.behindwoods.com/tamil-actor/dhanush/dhanush-stills-photos-pictures-260.jpg"
      }
    ]
  }
]
